None_R,null,0
None_R,null,0
None_R,null,0
None_R,null,0
None_R,null,0
None_R,null,0
None_R,null,0
None_R,null,0
None_R,null,0
None_R,null,0
None_R,null,0
None_R,null,0
None_R,null,0
None_R,null,0
None_R,null,0
None_R,null,0
None_R,null,0
None_R,null,0
None_R,null,0
None_R,null,0
None_R,null,0
None_R,null,0
None_R,null,0
None_R,null,0
None_R,null,0
None_R,null,0
None_R,null,0
None_R,null,0
None_R,null,0
None_R,null,0
None_R,null,0
None_R,null,0
None_R,null,0
None_R,null,0
None_R,null,0
None_R,null,0
None_R,null,0
None_R,null,0
None_R,null,0
None_R,null,0
None_R,null,0
None_R,null,0
None_R,null,0
